Feature,AGOP,AGOP Rank,PCA,PCA Rank,MI,MI Rank,Perm Imp,Perm Rank
whole_weight,1.0,1,0.3467,2,0.3885,4,3.2711,1
shucked_weight,0.871,2,0.3548,1,0.3449,7,2.5944,2
shell_weight,0.3006,3,0.3389,7,0.4372,1,1.0976,3
diameter,0.1253,4,0.3397,6,0.4117,2,0.2624,5
viscera_weight,0.1144,5,0.3461,3,0.3658,6,0.3154,4
length,0.0936,6,0.3397,5,0.387,5,0.1987,6
height,0.0652,7,0.3405,4,0.4047,3,0.0967,7
sex_I,0.0107,8,0.1297,8,0.1489,8,0.0216,8
sex_F,0.0044,9,0.099,9,0.0589,9,0.0077,9
sex_M,0.0037,10,0.0939,10,0.0381,10,0.001,10
